<?xml version="1.0" encoding="UTF-8"?>
<GenRun Id="impl_2" LaunchPart="xc7vx690tffg1157-3" LaunchTime="1580713533">
  <File Type="BITSTR-BMM" Name="gcd_bd.bmm"/>
  <File Type="ROUTE-PWR" Name="gcd_power_routed.rpt"/>
  <File Type="PA-TCL" Name="gcd.tcl"/>
  <File Type="OPT-DCP" Name="gcd_opt.dcp"/>
  <File Type="ROUTE-PWR-SUM" Name="gcd_power_summary_routed.pb"/>
  <File Type="REPORTS-TCL" Name="gcd_reports.tcl"/>
  <File Type="OPT-DRC" Name="gcd_drc_opted.rpt"/>
  <File Type="OPT-HWDEF" Name="gcd.hwdef"/>
  <File Type="PWROPT-DCP" Name="gcd_pwropt.dcp"/>
  <File Type="PLACE-DCP" Name="gcd_placed.dcp"/>
  <File Type="PLACE-IO" Name="gcd_io_placed.rpt"/>
  <File Type="PLACE-UTIL" Name="gcd_utilization_placed.rpt"/>
  <File Type="PLACE-UTIL-PB" Name="gcd_utilization_placed.pb"/>
  <File Type="PLACE-CTRL" Name="gcd_control_sets_placed.rpt"/>
  <File Type="PLACE-PRE-SIMILARITY" Name="gcd_incremental_reuse_pre_placed.rpt"/>
  <File Type="BG-BGN" Name="gcd.bgn"/>
  <File Type="POSTPLACE-PWROPT-DCP" Name="gcd_postplace_pwropt.dcp"/>
  <File Type="BG-BIN" Name="gcd.bin"/>
  <File Type="PHYSOPT-DCP" Name="gcd_physopt.dcp"/>
  <File Type="BITSTR-MSK" Name="gcd.msk"/>
  <File Type="ROUTE-ERROR-DCP" Name="gcd_routed_error.dcp"/>
  <File Type="ROUTE-DCP" Name="gcd_routed.dcp"/>
  <File Type="ROUTE-BLACKBOX-DCP" Name="gcd_routed_bb.dcp"/>
  <File Type="ROUTE-DRC" Name="gcd_drc_routed.rpt"/>
  <File Type="ROUTE-DRC-PB" Name="gcd_drc_routed.pb"/>
  <File Type="BITSTR-LTX" Name="gcd.ltx"/>
  <File Type="ROUTE-DRC-RPX" Name="gcd_drc_routed.rpx"/>
  <File Type="BITSTR-MMI" Name="gcd.mmi"/>
  <File Type="ROUTE-METHODOLOGY-DRC" Name="gcd_methodology_drc_routed.rpt"/>
  <File Type="ROUTE-METHODOLOGY-DRC-RPX" Name="gcd_methodology_drc_routed.rpx"/>
  <File Type="BITSTR-SYSDEF" Name="gcd.sysdef"/>
  <File Type="ROUTE-METHODOLOGY-DRC-PB" Name="gcd_methodology_drc_routed.pb"/>
  <File Type="ROUTE-PWR-RPX" Name="gcd_power_routed.rpx"/>
  <File Type="ROUTE-STATUS" Name="gcd_route_status.rpt"/>
  <File Type="ROUTE-STATUS-PB" Name="gcd_route_status.pb"/>
  <File Type="ROUTE-TIMINGSUMMARY" Name="gcd_timing_summary_routed.rpt"/>
  <File Type="ROUTE-TIMING-PB" Name="gcd_timing_summary_routed.pb"/>
  <File Type="ROUTE-TIMING-RPX" Name="gcd_timing_summary_routed.rpx"/>
  <File Type="RDI-RDI" Name="gcd.vdi"/>
  <File Type="ROUTE-CLK" Name="gcd_clock_utilization_routed.rpt"/>
  <File Type="ROUTE-BUS-SKEW" Name="gcd_bus_skew_routed.rpt"/>
  <File Type="ROUTE-BUS-SKEW-PB" Name="gcd_bus_skew_routed.pb"/>
  <File Type="ROUTE-BUS-SKEW-RPX" Name="gcd_bus_skew_routed.rpx"/>
  <File Type="POSTROUTE-PHYSOPT-DCP" Name="gcd_postroute_physopt.dcp"/>
  <File Type="POSTROUTE-PHYSOPT-BLACKBOX-DCP" Name="gcd_postroute_physopt_bb.dcp"/>
  <File Type="BG-BIT" Name="gcd.bit"/>
  <File Type="BITSTR-RBT" Name="gcd.rbt"/>
  <File Type="BITSTR-NKY" Name="gcd.nky"/>
  <File Type="BG-DRC" Name="gcd.drc"/>
  <File Type="WBT-USG" Name="usage_statistics_webtalk.html"/>
  <FileSet Name="sources" Type="DesignSrcs" RelSrcDir="$PSRCDIR/sources_1">
    <Filter Type="Srcs"/>
    <File Path="$PSRCDIR/sources_1/imports/binary_gcd/Mux.v">
      <FileInfo>
        <Attr Name="ImportPath" Val="$PPRDIR/../../../../Users/Siddhartha/Documents/binary_gcd/Mux.v"/>
        <Attr Name="ImportTime" Val="1564750349"/>
        <Attr Name="UsedIn" Val="synthesis"/>
        <Attr Name="UsedIn" Val="implementation"/>
        <Attr Name="UsedIn" Val="simulation"/>
      </FileInfo>
    </File>
    <File Path="$PSRCDIR/sources_1/imports/binary_gcd/binar_gcd.srcs/sources_1/new/complementer.v">
      <FileInfo>
        <Attr Name="ImportPath" Val="$PPRDIR/../../../../Users/Siddhartha/Documents/binary_gcd/binar_gcd.srcs/sources_1/new/complementer.v"/>
        <Attr Name="ImportTime" Val="1565248808"/>
        <Attr Name="UsedIn" Val="synthesis"/>
        <Attr Name="UsedIn" Val="implementation"/>
        <Attr Name="UsedIn" Val="simulation"/>
      </FileInfo>
    </File>
    <File Path="$PSRCDIR/sources_1/imports/binary_gcd/binar_gcd.srcs/sources_1/new/controlPath.v">
      <FileInfo>
        <Attr Name="ImportPath" Val="$PPRDIR/../../../../Users/Siddhartha/Documents/binary_gcd/binar_gcd.srcs/sources_1/new/controlPath.v"/>
        <Attr Name="ImportTime" Val="1550328374"/>
        <Attr Name="UsedIn" Val="synthesis"/>
        <Attr Name="UsedIn" Val="implementation"/>
        <Attr Name="UsedIn" Val="simulation"/>
      </FileInfo>
    </File>
    <File Path="$PSRCDIR/sources_1/imports/binary_gcd/binar_gcd.srcs/sources_1/new/input_Mux.v">
      <FileInfo>
        <Attr Name="ImportPath" Val="$PPRDIR/../../../../Users/Siddhartha/Documents/binary_gcd/binar_gcd.srcs/sources_1/new/input_Mux.v"/>
        <Attr Name="ImportTime" Val="1564786995"/>
        <Attr Name="UsedIn" Val="synthesis"/>
        <Attr Name="UsedIn" Val="implementation"/>
        <Attr Name="UsedIn" Val="simulation"/>
      </FileInfo>
    </File>
    <File Path="$PSRCDIR/sources_1/imports/binary_gcd/binar_gcd.srcs/sources_1/new/lShift.v">
      <FileInfo>
        <Attr Name="ImportPath" Val="$PPRDIR/../../../../Users/Siddhartha/Documents/binary_gcd/binar_gcd.srcs/sources_1/new/lShift.v"/>
        <Attr Name="ImportTime" Val="1550353995"/>
        <Attr Name="UsedIn" Val="synthesis"/>
        <Attr Name="UsedIn" Val="implementation"/>
        <Attr Name="UsedIn" Val="simulation"/>
      </FileInfo>
    </File>
    <File Path="$PSRCDIR/sources_1/imports/binary_gcd/binar_gcd.srcs/sources_1/new/rShift.v">
      <FileInfo>
        <Attr Name="ImportPath" Val="$PPRDIR/../../../../Users/Siddhartha/Documents/binary_gcd/binar_gcd.srcs/sources_1/new/rShift.v"/>
        <Attr Name="ImportTime" Val="1565263543"/>
        <Attr Name="UsedIn" Val="synthesis"/>
        <Attr Name="UsedIn" Val="implementation"/>
        <Attr Name="UsedIn" Val="simulation"/>
      </FileInfo>
    </File>
    <File Path="$PSRCDIR/sources_1/new/register.v">
      <FileInfo>
        <Attr Name="UsedIn" Val="synthesis"/>
        <Attr Name="UsedIn" Val="implementation"/>
        <Attr Name="UsedIn" Val="simulation"/>
      </FileInfo>
    </File>
    <File Path="$PSRCDIR/sources_1/substractor.v">
      <FileInfo>
        <Attr Name="UsedIn" Val="synthesis"/>
        <Attr Name="UsedIn" Val="implementation"/>
        <Attr Name="UsedIn" Val="simulation"/>
      </FileInfo>
    </File>
    <File Path="$PSRCDIR/sources_1/new/up_down_counter.v">
      <FileInfo>
        <Attr Name="UsedIn" Val="synthesis"/>
        <Attr Name="UsedIn" Val="implementation"/>
        <Attr Name="UsedIn" Val="simulation"/>
      </FileInfo>
    </File>
    <File Path="$PSRCDIR/sources_1/imports/binary_gcd/binar_gcd.srcs/sources_1/new/gcd.v">
      <FileInfo>
        <Attr Name="ImportPath" Val="$PPRDIR/../../../../Users/Siddhartha/Documents/binary_gcd/binar_gcd.srcs/sources_1/new/gcd.v"/>
        <Attr Name="ImportTime" Val="1550349062"/>
        <Attr Name="UsedIn" Val="synthesis"/>
        <Attr Name="UsedIn" Val="implementation"/>
        <Attr Name="UsedIn" Val="simulation"/>
      </FileInfo>
    </File>
    <Config>
      <Option Name="DesignMode" Val="RTL"/>
      <Option Name="TopModule" Val="gcd"/>
      <Option Name="TopAutoSet" Val="TRUE"/>
    </Config>
  </FileSet>
  <FileSet Name="constrs_in" Type="Constrs" RelSrcDir="$PSRCDIR/constrs_1">
    <Filter Type="Constrs"/>
    <File Path="$PSRCDIR/constrs_1/new/timing.xdc">
      <FileInfo>
        <Attr Name="UsedIn" Val="synthesis"/>
        <Attr Name="UsedIn" Val="implementation"/>
      </FileInfo>
    </File>
    <Config>
      <Option Name="ConstrsType" Val="XDC"/>
    </Config>
  </FileSet>
  <Strategy Version="1" Minor="2">
    <StratHandle Name="Vivado Implementation Defaults" Flow="Vivado Implementation 2018"/>
    <Step Id="init_design"/>
    <Step Id="opt_design"/>
    <Step Id="power_opt_design"/>
    <Step Id="place_design"/>
    <Step Id="post_place_power_opt_design"/>
    <Step Id="phys_opt_design"/>
    <Step Id="route_design"/>
    <Step Id="post_route_phys_opt_design"/>
    <Step Id="write_bitstream"/>
  </Strategy>
</GenRun>
