<?xml version="1.0" encoding="UTF-8"?>
<GenRun Id="synth_3" LaunchPart="xc7vx690tffg1157-3" LaunchTime="1581307987">
  <File Type="PA-TCL" Name="gcd.tcl"/>
  <File Type="REPORTS-TCL" Name="gcd_reports.tcl"/>
  <File Type="RDS-RDS" Name="gcd.vds"/>
  <File Type="RDS-UTIL" Name="gcd_utilization_synth.rpt"/>
  <File Type="RDS-UTIL-PB" Name="gcd_utilization_synth.pb"/>
  <File Type="RDS-DCP" Name="gcd.dcp"/>
  <FileSet Name="sources" Type="DesignSrcs" RelSrcDir="$PSRCDIR/sources_1">
    <Filter Type="Srcs"/>
    <File Path="$PSRCDIR/sources_1/imports/binary_gcd/Mux.v">
      <FileInfo>
        <Attr Name="ImportPath" Val="$PPRDIR/../../../../Users/Siddhartha/Documents/binary_gcd/Mux.v"/>
        <Attr Name="ImportTime" Val="1564750349"/>
        <Attr Name="UsedIn" Val="synthesis"/>
        <Attr Name="UsedIn" Val="implementation"/>
        <Attr Name="UsedIn" Val="simulation"/>
      </FileInfo>
    </File>
    <File Path="$PSRCDIR/sources_1/imports/binary_gcd/binar_gcd.srcs/sources_1/new/complementer.v">
      <FileInfo>
        <Attr Name="ImportPath" Val="$PPRDIR/../../../../Users/Siddhartha/Documents/binary_gcd/binar_gcd.srcs/sources_1/new/complementer.v"/>
        <Attr Name="ImportTime" Val="1565248808"/>
        <Attr Name="UsedIn" Val="synthesis"/>
        <Attr Name="UsedIn" Val="implementation"/>
        <Attr Name="UsedIn" Val="simulation"/>
      </FileInfo>
    </File>
    <File Path="$PSRCDIR/sources_1/imports/binary_gcd/binar_gcd.srcs/sources_1/new/controlPath.v">
      <FileInfo>
        <Attr Name="ImportPath" Val="$PPRDIR/../../../../Users/Siddhartha/Documents/binary_gcd/binar_gcd.srcs/sources_1/new/controlPath.v"/>
        <Attr Name="ImportTime" Val="1550328374"/>
        <Attr Name="UsedIn" Val="synthesis"/>
        <Attr Name="UsedIn" Val="implementation"/>
        <Attr Name="UsedIn" Val="simulation"/>
      </FileInfo>
    </File>
    <File Path="$PSRCDIR/sources_1/imports/binary_gcd/binar_gcd.srcs/sources_1/new/input_Mux.v">
      <FileInfo>
        <Attr Name="ImportPath" Val="$PPRDIR/../../../../Users/Siddhartha/Documents/binary_gcd/binar_gcd.srcs/sources_1/new/input_Mux.v"/>
        <Attr Name="ImportTime" Val="1564786995"/>
        <Attr Name="UsedIn" Val="synthesis"/>
        <Attr Name="UsedIn" Val="implementation"/>
        <Attr Name="UsedIn" Val="simulation"/>
      </FileInfo>
    </File>
    <File Path="$PSRCDIR/sources_1/imports/binary_gcd/binar_gcd.srcs/sources_1/new/lShift.v">
      <FileInfo>
        <Attr Name="ImportPath" Val="$PPRDIR/../../../../Users/Siddhartha/Documents/binary_gcd/binar_gcd.srcs/sources_1/new/lShift.v"/>
        <Attr Name="ImportTime" Val="1550353995"/>
        <Attr Name="UsedIn" Val="synthesis"/>
        <Attr Name="UsedIn" Val="implementation"/>
        <Attr Name="UsedIn" Val="simulation"/>
      </FileInfo>
    </File>
    <File Path="$PSRCDIR/sources_1/imports/binary_gcd/binar_gcd.srcs/sources_1/new/rShift.v">
      <FileInfo>
        <Attr Name="ImportPath" Val="$PPRDIR/../../../../Users/Siddhartha/Documents/binary_gcd/binar_gcd.srcs/sources_1/new/rShift.v"/>
        <Attr Name="ImportTime" Val="1565263543"/>
        <Attr Name="UsedIn" Val="synthesis"/>
        <Attr Name="UsedIn" Val="implementation"/>
        <Attr Name="UsedIn" Val="simulation"/>
      </FileInfo>
    </File>
    <File Path="$PSRCDIR/sources_1/new/register.v">
      <FileInfo>
        <Attr Name="UsedIn" Val="synthesis"/>
        <Attr Name="UsedIn" Val="implementation"/>
        <Attr Name="UsedIn" Val="simulation"/>
      </FileInfo>
    </File>
    <File Path="$PSRCDIR/sources_1/substractor.v">
      <FileInfo>
        <Attr Name="UsedIn" Val="synthesis"/>
        <Attr Name="UsedIn" Val="implementation"/>
        <Attr Name="UsedIn" Val="simulation"/>
      </FileInfo>
    </File>
    <File Path="$PSRCDIR/sources_1/new/up_down_counter.v">
      <FileInfo>
        <Attr Name="UsedIn" Val="synthesis"/>
        <Attr Name="UsedIn" Val="implementation"/>
        <Attr Name="UsedIn" Val="simulation"/>
      </FileInfo>
    </File>
    <File Path="$PSRCDIR/sources_1/imports/binary_gcd/binar_gcd.srcs/sources_1/new/gcd.v">
      <FileInfo>
        <Attr Name="ImportPath" Val="$PPRDIR/../../../../Users/Siddhartha/Documents/binary_gcd/binar_gcd.srcs/sources_1/new/gcd.v"/>
        <Attr Name="ImportTime" Val="1550349062"/>
        <Attr Name="UsedIn" Val="synthesis"/>
        <Attr Name="UsedIn" Val="implementation"/>
        <Attr Name="UsedIn" Val="simulation"/>
      </FileInfo>
    </File>
    <Config>
      <Option Name="DesignMode" Val="RTL"/>
      <Option Name="TopModule" Val="gcd"/>
      <Option Name="TopAutoSet" Val="TRUE"/>
    </Config>
  </FileSet>
  <FileSet Name="constrs_in" Type="Constrs" RelSrcDir="$PSRCDIR/constrs_1">
    <Filter Type="Constrs"/>
    <File Path="$PSRCDIR/constrs_1/new/timing.xdc">
      <FileInfo>
        <Attr Name="UsedIn" Val="synthesis"/>
        <Attr Name="UsedIn" Val="implementation"/>
      </FileInfo>
    </File>
    <Config>
      <Option Name="ConstrsType" Val="XDC"/>
    </Config>
  </FileSet>
  <Strategy Version="1" Minor="2">
    <StratHandle Name="Vivado Synthesis Defaults" Flow="Vivado Synthesis 2018"/>
    <Step Id="synth_design"/>
  </Strategy>
</GenRun>
